,e_mail,phone_number,address,age,sex,family
0,rjsdn315@gmail.com,010-5653-5259,서울시 관악구 남부순환로 161길 45,24,M,4
1,kc7581gx8jr@daum.net,010-9373-6890,강원도 철원군 갈말읍 지포리 33 외,86,W,11
2,ek8vh9f@daum.net,010-4885-9096,"인천광역시 남구 학익동 48-1 신동아1,2차아파트 인근",31,W,8
3,5fwfa@naver.com,010-2591-4696,경기도 안양시 만안구 안양9동 1082,32,W,10
4,40cwlbwi1@naver.com,010-9821-4575,경상남도 창원시 성산구 사파동 137-8,70,W,3
5,oaid6y8f@daum.net,010-6151-5465,충청북도 영동군 황간면 목화실길 34,73,M,10
6,up3hs26bx8b@naver.com,010-8067-9544,경기도 시흥시 정왕동 2044 (오이도해양단지) ,61,W,1
7,rs8k@google.com,010-9499-6294,충청남도 천안시 서북구 불당동 910,41,M,5
8,xikntqywux@daum.net,010-9595-6259,충청남도 서산시 동문동 982-4,81,M,12
9,9ptbs8tzxk@daum.net,010-8537-4085,경기도 의정부시 신곡1동 720-1,23,W,7
10,e95fa@google.com,010-1079-6383,강원도 춘천시 거두리 945-1 외3,70,M,11
11,xa3h@google.com,010-9319-1883,경기도 안양시 동안구 관양동 1590번지 안양시청,66,W,11
12,e4i2w8de@daum.net,010-2193-4271,강원도 고성군 현내면 대진리 179,35,M,2
13,ktvj980daky@naver.com,010-6926-2333,강원도 영월군 영월읍 방절리 223-4,101,W,11
14,0rfsotbed3xt@daum.net,010-8821-6294,전라북도 고창군 아산면 삼인리 126,62,M,6
15,erirn@naver.com,010-5456-2256,전라북도 완주군 용진읍 용흥리 842-2필지,33,M,8
16,pvxapuxqb5jo@google.com,010-5995-6993,인천광역시 중구 전동 31-8,60,W,1
17,gfkajmi44n@daum.net,010-9872-5934, 대구광역시 수성구 신매로 6 ,43,M,10
18,4u47nsmu@naver.com,010-5545-4173,강원도 영월군 영월읍 덕포리 555-1,39,M,8
19,ruiw1gj1@naver.com,010-1511-6331, 대구광역시 칠성2가 407-8 ,56,W,6
20,39ygyskt5mlbx@naver.com,010-5056-3892,전라남도 완도군 완도읍 해변공원로 123,51,M,12
21,hv0thmzheixh@google.com,010-4550-6066,경상남도 창원시 의창구 소답동 365번지 일대,67,M,5
22,q08u@daum.net,010-4287-9504,경상남도 함안군 가야읍 도항리 58-132,67,W,7
23,9dzsf@google.com,010-5646-6418,부산광역시 사하구 구평동159-1,58,M,4
24,abzh4ec95@daum.net,010-7130-4441, 대구광역시 북구 대동로1길 40(산격동) ,59,W,2
25,bjnoe95zdz@google.com,010-3759-3253,경상남도 창원시 성산구 성주동 83-2,45,M,4
26,u3jvatozyo@google.com,010-7482-4314,전라남도 보성군 벌교읍 홍암로 89-19,62,M,9
27,kzso8t0hew0@naver.com,010-2257-4061,인천광역시 동구 창영동 22-8.9.10,54,W,7
28,xlddkur63h2v@naver.com,010-1935-3601,경상남도 의령군 지정면 태부리 383번지,57,W,12
29,ijlzl8j@daum.net,010-4947-3823,충청남도 공주시 웅진동 제일약국 앞,48,W,2
30,bv2mei1ff8h@daum.net,010-7497-5925,강원도 강릉시 홍제동 97-4외1,56,M,9
31,yr1vj8xi9xze4@google.com,010-9338-3780,경상남도 의령군 의령읍 정암리 346번지 1호,34,M,4
32,t720ey45t1tb@daum.net,010-5212-6554,충청북도 영동군 추풍령면 죽전길 107,99,M,11
33,xyjzbf@google.com,010-1717-3202,경기도 고양시 일산동구 중산동 1659,34,M,1
34,uj0ay7r@naver.com,010-1376-3610,경상남도 창원시 진해구 여좌동 99-23일원,30,M,10
35,8su7r@google.com,010-4010-7412,충청남도 서천군 한산면종지리244,100,W,8
36,jfudkmb3meziz@naver.com,010-3251-3745,전라북도 익산시 여산면 호산리 산 9-42,75,W,1
37,wjod@google.com,010-1488-5654, 대구광역시 북구 구암동 ,93,W,11
38,jev73@naver.com,010-8538-5289,울산광역시 동구 방어진순환도로 803-1,52,W,4
39,1mpqmg5rxraa@google.com,010-7107-3047,경상북도 청도군 풍각면 송서로 70,28,W,3
40,nn3jtv3@naver.com,010-8661-1704,강원도 강릉시 내곡동 31,60,M,9
41,sngyn0jp@google.com,010-5242-9890,경기도 수원시 권선구 장지동 44-10번지,34,M,6
42,r0ndmw3hhf@naver.com,010-5781-2368, 대구광역시  화원읍 비슬로 2458 ,39,M,12
43,02921tfz94@google.com,010-2484-5323,제주 제주시 일도일동 1491-1외,57,M,2
44,qetnmqbd4l@naver.com,010-2769-3103,경기도 양주시 덕계동 159-3번지,79,M,9
45,f6mvgs9@google.com,010-5425-7632,경상남도 진주시 이현동 1183,38,W,12
46,imb9@daum.net,010-1726-5140,강원도 원주시 문막읍 문막리 1044,88,M,3
47,owtc39@naver.com,010-2224-3591,경기도 동두천시 생연동 825-167,55,W,7
48,8l3r1pbf@naver.com,010-2436-2489,강원도 횡성군 횡성읍 읍하리 538,59,M,7
49,z72d@naver.com,010-6045-5631,울산광역시 울주군 두동면 천전리 359-1,97,M,2
50,nrtxsd26r@google.com,010-4603-8184,충청남도 당진시 당진중앙1로 79,75,W,3
51,0sqdln1acj0eo@google.com,010-3948-2426, 대구광역시  옥포면 옥포로 13 ,21,M,5
52,tpzj1ril@naver.com,010-9488-7064,경상남도 창원시 성산구 상남동 94-2,76,M,1
53,g1g7o9xpcy@daum.net,010-4703-4655,경상북도 영주시 하망동 202-7,72,W,3
54,un83e@naver.com,010-2577-7055,강원도 인제군 남면 신남리 362,49,W,3
55,xkt0ix1y@google.com,010-9550-2547,전라북도 익산시 오산면 남전리 42-58,67,W,5
56,c6w9cwk1vn@daum.net,010-8901-4510,강원도 동해시 천곡동 1090-19,67,M,3
57,xifhzi0utb@daum.net,010-6779-9739,경기도 고양시 덕양구 행신동 764번지,26,M,12
58,92x9o@google.com,010-1474-4364,경기도 여주시 홍문동 181번지 현대아파트,69,M,5
59,q4lhjvtxrbe@google.com,010-6814-4245,인천광역시 중구 북성동1가 97-32,69,W,9
60,n7facsyvfe@naver.com,010-6545-4755,인천광역시 남동구 만수동 111-186,52,M,5
61,fu4i28kcai@google.com,010-3588-8920,인천광역시 남동구 구월동 1457,29,W,12
62,es3t0lparflyd@naver.com,010-9731-1139,경기도 여주시 홍문동 217-20번지,100,W,1
63,rdknuy3zuu@naver.com,010-4913-2841,충청남도 서천군 한산면지현리60,64,M,3
64,17pduwzyllzr@naver.com,010-4905-4851,강원도 평창군 평창읍 하리 58-51,52,W,11
65,b1ikkzzbw4@google.com,010-7347-7700,경상남도 창원시 마산합포구 구산면 구복리 산186-1,91,W,4
66,9vbne@google.com,010-2507-4134,경기도 과천시 별양동55,86,M,6
67,w5wmi1z@daum.net,010-4919-5536,전라남도 보성군 보성읍 녹차로 775,28,M,9
68,8ic9bo8f7tr1u@google.com,010-6256-7992,강원도 강릉시 용강동 63-2,98,W,3
69,omcr9g@naver.com,010-3598-8933, 대구광역시 달서구 대명천로43길 66(본리동) ,28,M,9
70,ej8bkqi@google.com,010-9180-7376,경기도 포천시 신읍동 59-4번지,22,W,7
71,rg0ozp29@naver.com,010-2255-6416,경상남도 창원시 의창구 북면 마산리 148-125,25,W,11
72,7szg@daum.net,010-3272-4382, 대구광역시 남구 영선길 96(이천동) ,42,M,7
73,lizdtf35zdtlj@daum.net,010-8344-9974,전라남도 완도군 완도읍 해변공원로 123,23,W,5
74,zz494h624ff0@google.com,010-2353-4819,경기도 평택시 서정동 322-4,63,W,1
75,2szb8sshf@naver.com,010-7924-5484,경상남도 창원시 성산구 성주동 170,81,M,6
76,5drjvqx1l4a@daum.net,010-4371-3072,경상북도 울진군 부구3길 12,32,M,7
77,3z8ozv441br@naver.com,010-4420-6276,강원도 강릉시 입암동 679-30,21,M,12
78,qjvsvxw@google.com,010-2185-6136,울산광역시 울주군 두서면 서하리 264-11,72,W,3
79,4pil@naver.com,010-4238-1941,전라남도 장성군 장성읍 영천리 1273-199,56,W,2
80,l88kgx6cs5@daum.net,010-5133-4004,대전광역시 서구 변동 47-32,67,M,11
81,peqts8qc4w@daum.net,010-3588-1415,전라남도 구례군 구례읍 봉동리 534-6,94,W,6
82,f4ce1l4ffx@naver.com,010-2012-5606,강원도 홍천군 홍천읍 연봉로6길 11,22,W,7
83,zyn2@naver.com,010-8669-7518,경기도 용인시 기흥구 동백동 1058번지 일원,70,M,9
84,xye0vqglfcv2@daum.net,010-9057-1636,경기도 안산시 단원구 고잔동 560-1,97,W,1
85,2jtaa967l5ml2@google.com,010-3714-6522,경상북도 포항시 북구 흥해읍 이인리 137-1,68,M,1
86,pe4bbazv@daum.net,010-9539-2748,경남남도 양산시 상북면 석계리 232,43,M,7
87,0bsap7z826p@daum.net,010-9588-9757,강원도 양구군 양구읍 중리 18-1,60,W,7
88,pfzt@daum.net,010-9360-8546,대전광역시 유성구 세동 136,55,W,11
89,r97nmkq8sy0@daum.net,010-7558-7522,경상남도 창원시 성산구 가음동 41-9,77,M,5
90,7zzk21@google.com,010-5987-2970,강원도 춘천시 근화동 785-10,55,M,5
91,ml0g2l2zq@daum.net,010-3757-1968,경상남도 양산시 동면 여락리 299,64,W,3
92,fcbz3zji@naver.com,010-8577-1455,경기도 하남시 항동 488-11,32,W,2
93,7tbyt7syou@daum.net,010-4722-4415,경상남도 산청군 산청읍 산청리 250-13,38,W,4
94,lnaxlyi@naver.com,010-3530-8691,경기도 용인시 기흥구 구갈로 72번길,30,M,6
95,2rgmges7@daum.net,010-6502-5112, 대구광역시 달서구 계대동문로3길 46(신당동) ,77,M,10
96,cnqyzewueqwv@google.com,010-8476-8303,전라북도 순창읍 남계리 625-4,67,M,10
97,dy3lm6k2ldou@daum.net,010-5362-8854,강원도 정선군 여량면 여량리 108-1,44,M,9
98,3dqrqsgzuu@naver.com,010-7632-1589,경기도 의왕시 내손동 846-1번지,95,W,1
99,dzk600qh@naver.com,010-9034-5709, 대구광역시 북구 관음중앙로34길 4(읍내동) ,69,M,12
100,7emaburl@naver.com,010-2023-9591,경기도 안산시 상록구 성포동 593-14,20,W,5
101,4khrlgvs@google.com,010-5856-3793,강원도 강릉시 정동진리 52-11,35,M,2
102,ubzidbnbis191@daum.net,010-3765-9426,강원도 동해시 천곡동 1090-8,43,M,7
103,jzxgpyympmz02@naver.com,010-2227-3763,전라북도 익산시 여산면 호산리 256-5,82,M,3
104,6f51@google.com,010-9001-2650, 대구광역시 달서구 월배로 95-17(진천동) ,66,M,5
105,j8bxx33g6mu4@daum.net,010-4601-6399,경상남도 창원시 성산구 남양동 43-6~8,101,W,5
106,47f18@naver.com,010-3439-9124,경기도 의왕시 학의동 343-1번지,54,W,7
107,lpuyt551@daum.net,010-1874-9779,경기도 포천시 소흘읍 송우리 155-2번지,96,W,9
108,aqihonv@google.com,010-8941-6582,전라남도 광양시 중동 1512-3,50,W,5
109,237xbu1luq7r@google.com,010-2749-9329,경상남도 창원시 성산구 반지동 52-10,54,M,5
110,24p9avjq@google.com,010-8584-5798,전라남도 담양군 담양읍 지침리 107-1-0,65,W,7
111,kc6hl0fb@daum.net,010-3134-1314,경상남도 의령군 대의면 심지리 429번지 15호,93,M,12
112,ky6o@google.com,010-3695-2338, 대구광역시 달서구 선원남로 120(이곡동) ,92,W,12
113,eko9t68xiwn4@naver.com,010-5163-7520,대전광역시 유성구 신성동 137-2외4필지,63,M,8
114,zlobo3adio@naver.com,010-6121-2551, 대구광역시 달서구 선원남로 120(이곡동) ,98,W,3
115,13bi5hpij@google.com,010-2563-9484,경상남도 진주시 평안동 62,84,M,4
116,813lu43h7w4@daum.net,010-2593-1817,경기도 용인시 수지구 죽전동 1003-122번지,85,M,12
117,dwcol2uu@google.com,010-2912-7074,전라남도 담양군 담양읍 백동리 97-1,68,M,6
118,uvqfr6dqbb@google.com,010-9980-4060, 대구광역시 북구 옥산로17길 37(침산동) ,47,M,6
119,79q43fq@naver.com,010-5709-3935,경상남도 양산시 덕계동 741,26,W,11
120,efbo16osh@daum.net,010-6904-4089, 대구광역시 달서구 송현로 156(송현동) ,64,M,7
121,0rro4p8@google.com,010-5240-1065,충청북도 증평군 증평읍 송산리 96-1,49,M,11
122,roit8mtvj7k@google.com,010-7611-4585,전라남도 보성군 벌교읍 홍암로 89-19,74,W,6
123,arv7o@naver.com,010-2664-4657,충청남도 부여군 부여읍 계백로터리(석탑로6-30),37,W,5
124,oicf@daum.net,010-2386-4534,경상남도 창원시 진해구 경화동 1175-1,84,W,7
125,gg3ix931y@naver.com,010-9273-9851,전라남도 영광군 영광읍 도동리270,65,M,12
126,b75skd5l7g@google.com,010-3234-9984,경기도 부천시 괴안동 109-16,74,M,3
127,rn5l@daum.net,010-7566-7340,대전광역시 동구 판암로(판암2차주공@ 담길),34,W,12
128,6x23vuynfi@google.com,010-6892-3540, 대구광역시 동구 방촌동 126-2 ,67,M,6
129,hocll80kbv@google.com,010-8612-1539,경기도 수원시 팔달구 우만동 582번지,29,W,8
130,zj625tea4ppa@naver.com,010-1472-6555,경상남도 창원시 성산구 중앙동 27-6,82,W,5
131,hsvzpidx@google.com,010-2067-9252,강원도 양구군 양구읍 중리 323-3,62,W,6
132,is1uy@naver.com,010-8145-2838,전라북도 익산시 마동 291,83,W,1
133,lrup4ko4jx0vj@daum.net,010-9677-1959,경상남도 진주시 신안동 581-1,78,W,8
134,odshpd@daum.net,010-1242-5715,전라남도 나주시 이창동 751-2,49,M,4
135,7185@naver.com,010-3716-8173,경기도 하남시 덕풍동 512-4,38,M,10
136,jair@naver.com,010-9564-6322, 대구광역시 수성구 범안로 76 ,83,M,12
137,ikqax9a62@daum.net,010-2880-2706,강원도 평창군 평창읍 중리 361,87,W,2
138,cqnkr1u8pyah8@google.com,010-5854-5321,경기도 부천시 중동1051-8번지,86,W,2
139,yuvf5@daum.net,010-3229-5501, 대구광역시 칠성2가 409-24 ,90,W,8
140,stbbb6ana7s@daum.net,010-4999-2142,전라남도 영광군 영광읍 남천리 310-1,59,W,2
141,ra8elhvyez@daum.net,010-5194-6848,경상남도 창원시 의창구 북동 66-1번지외 2필지,27,W,6
142,9uy0@google.com,010-4170-4574, 대구광역시 남구 큰골4길 41(대명9동) ,35,M,11
143,pxj62im@google.com,010-7398-7932,충청북도 영동군 상촌면 유곡길 36,47,M,5
144,r938nq@daum.net,010-2371-6225,경기도 포천시 관인면 중리 1097,100,W,2
145,o2l093w@naver.com,010-6081-1064,인천광역시 동구 화수동 37-62,51,M,8
146,bjqnujzsn9@naver.com,010-2172-2058,"경상북도 안동시 퇴계로 115(명륜동), 안동시청",97,W,12
147,feoxcaly@daum.net,010-6399-2982,강원도 정선군 정선읍 애산리 432-2024,64,M,1
148,nn7cc@google.com,010-8943-7715,경기도 평택시 통복동 69-15번지,49,M,4
149,824mw@naver.com,010-5044-2606,전라남도 영암군 시종면 만수리 808-1,79,M,8
150,jnqyf1@google.com,010-3431-3219,강원도 강릉시 홍제동 946-1,33,M,6
151,n2d6@google.com,010-2598-6168,충청남도 보령시 신흑동 2252,87,W,10
152,l7ysq@naver.com,010-7254-4157,대전광역시 서구 둔산1동 1409,31,M,7
153,4xp93fqtqn@google.com,010-3098-6778,전라남도 광양시 광영동 254,62,M,2
154,mslhz2hp@google.com,010-5124-1334,충청남도 부여군 부여읍 능산리 141-3,86,W,1
155,32rf104es1a6k@google.com,010-9095-6492,경기도 이천시 중리동 21-1번지,27,W,12
156,yfex4eio@daum.net,010-5362-2338,충청남도 천안시 서북구 서부역9로 38,39,M,4
157,5vd2rigiwlj@naver.com,010-5733-7195,경상남도 하동군 청암면 묵계리 1738-9,47,W,8
158,o9uw98cnd3@google.com,010-3911-8616, 대구광역시 달서구 도원동 668-10 ,56,M,9
159,64fl6u54f9hkn@daum.net,010-2591-8243,경기도 이천시 창전동 417번지,67,W,1
160,yaqa@google.com,010-9499-4708,경기도 안산시 단원구 고잔동 656-9,60,W,11
161,u37y1ythr@google.com,010-5074-8664,전라남도 영광군 영광읍 단주리 670,40,W,4
162,2ryr1pj@google.com,010-9913-3336, 대구광역시 칠성2가 409-24 ,39,W,3
163,y7w0vrf@google.com,010-1600-1614,충청남도 서천군 문산면북산리125,74,M,7
164,cfjacwgw@daum.net,010-5481-4447,충청남도 논산시 계백로 995,22,M,4
165,9mdddu52fheu@naver.com,010-7409-2242,강원도 강릉시 정동진리 259-1,56,W,5
166,0z0x@google.com,010-4973-9344,강원도 횡성군 서원면 서원로 161,76,W,12
167,bb27z5@google.com,010-6202-6972,경기도 포천시 일동면 기산리 88-53번지 일동국민주택,58,M,10
168,sv831fvc2@naver.com,010-7203-9484,충청남도 서산시 예천동1262-3(예천공영1주차장),62,M,10
169,fhv1lwbqekww@daum.net,010-6812-7046,인천광역시 남동구 구월동 1153-8,55,W,9
170,65onjwehjj@google.com,010-2764-8463, 대구광역시 동구 율하동 1418~1421 인접 도로 ,24,W,12
171,kzwqzvq@google.com,010-1081-3187,전라북도 남원시 향교동 332 외 3필지,85,M,3
172,mbk5@google.com,010-2408-2596,경상남도 창원시 성산구 성주동 183,40,M,6
173,gegah2@daum.net,010-8253-2493,울산광역시 동구 방어진순환도로 919~939(서부동),22,M,11
174,yul87@daum.net,010-6453-1372,충청북도 영동군 학산면 서산로 38-10,98,W,9
175,3nwsaahsl@google.com,010-9660-3868,전라북도 김제시 요촌동 596,70,W,12
176,6iij4g@naver.com,010-4498-2590,경기도 양주시 장흥면 석현리 373-2,78,M,12
177,5oor@naver.com,010-6272-3072, 광주광역시 동구 계림동 533-1 ,96,M,1
178,ce5rm7i07il@daum.net,010-2743-7337,경상남도 창원시 마산회원구 내서읍 삼계6길 26,26,W,11
179,2j5ehvyt@naver.com,010-8763-3251,전라남도 나주시 남평읍 남평리 21-7,51,W,10
180,ma04xayjghkj@daum.net,010-9156-4708,경상북도 안동시 옥야동 285-8번지,20,M,9
181,jhuyepag@google.com,010-5096-8386, 대구광역시 중구 국채보상로102길 48(동산동) ,29,M,6
182,bc94d5vi9f@naver.com,010-8821-5877,전라남도 강진군 강진읍 남성리 66-2외 7,60,M,2
183,yhee7wel3t5o@google.com,010-4547-1135,경기도 연천군 전곡읍 은대리 산 171,60,M,4
184,olbmgxe@google.com,010-8633-2016,경상남도 의령군 정곡면 중교리 420번지 8호,43,W,1
185,qib71t2qan5g@daum.net,010-8928-2197,"경기도 부천시 원종1동 277-16,17,18",98,M,7
186,80v1vrs@naver.com,010-9091-4613,경기도 광주시 경안동 161-24번지,69,W,5
187,22g17@google.com,010-9215-2808,경상남도 양산시 동면 여락리 299,65,W,5
188,e05nvp2@google.com,010-4061-6685,제주 제주시 광양9길 10 제주시청 정문 앞 ～ (구)남문지구대,95,W,7
189,02il6a@naver.com,010-5948-9822,전라남도 광양시 마동 21번지,94,M,11
190,wcxot88@google.com,010-7179-8407,인천광역시 남구 용현5동 629-105(무보리-호그) ,38,M,8
191,z4g7ct6e49t9@daum.net,010-5100-7275,경상남도 창원시 진해구 속천동 12,97,M,5
192,7uv8vt@daum.net,010-3059-7567,부산광역시 강서구 명지오션시티 11로 33(명지동),90,M,2
193,60pfkahnv6u2v@google.com,010-4795-9556,경기도 안산시 단원구 와동 320-9,41,M,5
194,v224fsdu@naver.com,010-9699-2269,강원도 양양군 현북면 하광정리 630,86,W,4
195,23gz07o8dc9@daum.net,010-9483-7409, 대구광역시 수성구 지범로 21길 16 ,41,M,1
196,70wac317a5yya@naver.com,010-1650-6875, 대구광역시 달서구 상인로 34(상인동) ,22,W,4
197,246bmu0bmr2i@daum.net,010-9649-1068,경상남도 고성군 고성읍 수남리 86-10,53,M,1
198,nvkrm44ozi@daum.net,010-2609-9287,강원도 양구군 양구읍 상리 181-28,67,M,11
199,wusv@google.com,010-3460-7166,대전광역시 동구 현암로18번길(삼성동 374-1번지 옆),75,M,3
200,slrr2e5vyho@naver.com,010-3429-2508,경기도 성남시 분당구 정자동 239-1번지,82,M,11
201,isa32@google.com,010-8945-2048, 대구광역시 북구 동북로31길 29(산격2동) ,68,W,6
202,ibgv873@naver.com,010-1032-8330,경기도 시흥시 정왕동 1408-9,41,M,1
203,uv4z5awg@daum.net,010-2793-3166,충청북도 제천시 중앙로2가29-11,78,M,12
204,2rog@daum.net,010-2479-6044,전라남도 나주시 영산동 17-4,82,W,7
205,3dlfpq@naver.com,010-3014-1573,경상북도 상주시 성동동 61-12,95,M,4
206,eavtxf5w20e6@daum.net,010-8620-4490,경상남도 함안군 칠서면 청계리 724,44,M,1
207,7c0vrkwe8@google.com,010-2207-1676,경상남도 진주시 중안동 3,27,W,9
208,pon5zyvc@naver.com,010-2622-9051,경기도 구리시 인창동 277-29번지 정명로얄빌라,34,W,1
209,a2er8ypexye@google.com,010-8063-2993,경상남도 산청군 산청읍 옥산리 161-17,25,M,12
210,4dx0gj1g@daum.net,010-9480-8904,경기도 용인시 처인구 고당로 일원,80,W,6
211,whqt5v8shatc@naver.com,010-5901-3439,경상북도 청송군 진보면 진안리 187-12,38,M,4
212,suy5s26mw84h@google.com,010-2978-5507,전라남도 장성군 장성읍 영천리 956-9,56,M,11
213,hx76@naver.com,010-6281-3918,경상남도 하동군 횡천면 애치리 578-2,22,M,6
214,swwr7i2s9xlkn@daum.net,010-8149-1931,인천광역시 남구 도화동 631,58,W,2
215,xif4rm@google.com,010-2720-6606,전라남도 영암군 금정면 용흥리 1208-1,42,M,11
216,du6kptnasqyq2@naver.com,010-8877-6207,강원도 정선군 남면 문곡리 590-2,43,W,2
217,0e16@daum.net,010-3177-6285,경상남도 창원시 의창구 명서동131-12번지 ~ 105-15번지,43,M,5
218,8nqnyzo7a@google.com,010-5272-6689,강원도 철원군 서면 자등리 1823-61,31,W,2
219,7jae3bjm75mp@daum.net,010-3488-2797,경기도 양평군 양근리 170-85,85,M,9
220,cyoczkqtq182@daum.net,010-7014-4172,전라북도 완주군 이서면 상개리 560-2,30,W,4
221,ceh89lv@daum.net,010-1886-4357,대전광역시 서구 복수동 614,23,M,1
222,2uhuwels@daum.net,010-4257-2237,전라남도 나주시 남내동 7-4 ,30,M,8
223,587so1f7gps0j@google.com,010-5833-8134,전라남도 진도군 진도읍 남동리 731-33,59,W,9
224,0tq1wfbzez8@daum.net,010-8454-8412,전라남도 곡성군 곡성읍 읍내리 411-31,85,M,2
225,vxeqom6d9tu@daum.net,010-3670-2038,대전광역시 유성구 용산동 624,52,M,3
226,z6cr4g1@daum.net,010-1988-8934,전라남도 영광군 영광읍 도동리 107-31외6필지,83,M,2
227,utvokrpd2n@google.com,010-3079-3330,경기도 부천시 부흥로397-1일원,59,W,4
228,d2yar2a9cna@google.com,010-4776-3081,경기도 용인시 기흥구 신갈동 480-33번지 일원,98,M,1
229,ac2fjwb2@google.com,010-2016-8514,전라남도 해남군 해남읍 평동리 135번지,27,M,3
230,3mj582a97wg6@naver.com,010-5046-7439,전라북도 익산시 망성면 어량리 622-4,36,M,6
231,ha4wbixd@google.com,010-9736-2638,강원도 춘천시 효자2동 652-1번지,43,W,3
232,irfyqykhuf@naver.com,010-6754-4892,경상북도 문경시 점촌동 181-39,27,W,9
233,673mapp2p8@google.com,010-9422-5038,부산광역시 북구 금곡대로 466(금곡동),97,M,3
234,3wd09h0fqwmc@daum.net,010-5957-9889,경상남도 의령군 의령읍 동동리 932번지 1호 ,61,M,8
235,e2pknnb0@daum.net,010-2451-3992,경기도 시흥시 정왕동 1860-1번지 (시화병원),45,W,2
236,xj6f1xnrm20@naver.com,010-8719-9141,충청남도 서천군 종천면당정2리545,57,W,6
237,53iet5ei4hxib@naver.com,010-9875-8457,경상남도 산청군 산청읍 옥산리 465-3,83,M,2
238,kpf3u@naver.com,010-6000-6216,전라남도 곡성군 곡성읍 읍내리 296-31,97,W,12
239,iwbm04gtn8e45@naver.com,010-2879-7041,경상남도 창원시 진해구 웅천로 65,51,M,3
240,i0vlv206b@naver.com,010-7786-7575,충청북도 영동군 황간면 남성8길 22,38,M,7
241,xlum1l21qz1@naver.com,010-5546-1715,경기도 과천시 중앙동 40-14,35,M,1
242,4rl96os62pur@naver.com,010-7485-8280,강원도 영월군 영월읍 영흥리 972-23,22,M,4
243,8x1horhqis@google.com,010-8767-7182,전라남도 담양군 담양읍 객사리 211-3,50,M,3
244,ckgizokg2ey@google.com,010-2287-5071,경기도 성남시 중원구 은행로36번길10(은행2동 1789),77,M,12
245,ensn00nwd@google.com,010-1838-3997,경기도 안성시 봉산동 56,73,W,5
246,u55dg@naver.com,010-2680-2994,경상북도 상주시 서문동 131-1,47,W,2
247,by8hdp4ke@naver.com,010-6605-9446,전라북도 김제시 신풍동 609-1,68,W,2
248,wna8qkmec9b7@daum.net,010-9907-5504,인천광역시 남동구 구월동 1369,67,M,10
249,inbdn2eujipuv@daum.net,010-2869-4833,경기도 안산시 상록구 월피동 445-2,68,M,4
250,ekrq@google.com,010-9025-7873,경기도 평택시 서정동 2-67,29,W,11
251,ivj4@naver.com,010-6166-2232,경상남도 함안군 가야읍 말산리 472-6,24,M,8
252,6j5ef@naver.com,010-6064-8597,전라북도 익산시 여산면 두여리 1062-1,56,W,12
253,resq3xgv6dm@naver.com,010-8232-6647,충청남도 천안시 동남구 신부동 331-43외2,44,M,6
254,hp2pl@google.com,010-4973-1258,경상남도 함양군 마천면 구양리 산60-4,69,M,9
255,fbnpp85@naver.com,010-9356-2502,경기도 여주시 상동 214,69,W,7
256,6rnda1vl2@naver.com,010-4399-9410,경상남도 양산시 소주공단5길 일원,49,M,1
257,kdkx8e4kfe48f@google.com,010-5166-4136,부산광역시 강서구 낙동북로 477(대저1동),100,W,11
258,ki32xmiu@daum.net,010-4305-3662,경상남도 양산시 번영로 37 일원,85,M,11
259,1d0y1jp6e2@google.com,010-5999-2217,경기도 안산시 상록구 월피동 445-13,39,W,6
260,k0fpokad82@naver.com,010-2947-6189,강원도 횡성군 횡성읍 태기로 85,64,W,11
261,z7w8tagn@daum.net,010-7314-3745,경기도 포천시 소흘읍 송우리 726-82번지,21,M,3
262,vgsc8e@daum.net,010-1708-6823,강원도 강릉시 연곡면 방내리 31-1,35,M,12
263,snkx55oc@daum.net,010-2324-3114,전라북도 군산시 조촌동 738-7,35,W,7
264,0690rqu2gum@daum.net,010-1327-7381,강원도 강릉시 주문진읍 교항리 328-2,101,M,10
265,wpkz@daum.net,010-4890-9530,전라북도 익산시 웅포면 대붕암리 173-4,70,M,5
266,ql3hzcw@naver.com,010-6597-9714,인천광역시 남구 도화동 631,42,M,4
267,68aybxn1@google.com,010-4837-8252,경상남도 창원시 진해구 대죽동 32-65,57,W,1
268,97l8wq5q@naver.com,010-7859-7328,경기도 안산시 단원구 원곡본동 747-13,34,M,1
269,ghm5l4@naver.com,010-2029-2649,경기도 안산시 상록구 본오3동 879,68,M,4
270,1bazy4@naver.com,010-7752-4448,강원도 강릉시 내곡동 산 104,31,M,10
271,givddwqsc@google.com,010-8152-1618,전라북도 무주군 무주읍 읍내리 1106-3,81,W,12
272,13zswg@naver.com,010-2050-3545, 대구광역시 서구 당산로717 ,70,W,8
273,baomkdd6io30n@daum.net,010-9408-9015,경상남도 창원시 의창구 팔용동 87-1~87-16,75,M,1
274,smumndha3leg@daum.net,010-4622-9445,충청북도 청주시 상당구 상당로 82,86,W,8
275,noffwjp0qbl2@daum.net,010-3037-9313, 대구광역시 중구 달구벌대로 2150(봉산동) ,22,W,5
276,5ted9a2yg9@google.com,010-5281-4805,경기도 성남시 중원구 은행동 1632번지,66,W,9
277,575xrhwv1@naver.com,010-1222-3473,경기도 시흥시 정왕동 1729-3 (농협앞),59,W,9
278,ktulklfp5xm@google.com,010-3469-8061,대전광역시 동구 중동 93-1,97,M,7
279,xrljht8vwxvh@naver.com,010-6145-1224,대전광역시 서구 대덕대로127번길~갈마로103번길,69,W,12
280,h3k9@daum.net,010-9083-4122,경상북도 안동시 대석동 259-23번지,94,M,6
281,ae5gz8sulkhh2@naver.com,010-5578-3898,경기도 양평군 양근리 170-85,60,M,11
282,wq0ff3qx9@daum.net,010-5977-2125,경상북도 영양군 영양읍 군청길 37,87,M,1
283,4mn4x4@naver.com,010-5252-4158,전라남도 영광군 영광읍 백학리 359-9,76,W,8
284,e93c@google.com,010-9105-3160,경상남도 의령군 의령읍 중동리 401번지 4호,32,W,3
285,2oisbp@daum.net,010-2192-4128, 대구광역시 동구 아양로 221 ,29,W,3
286,pg9l@google.com,010-9091-6256,경기도 김포시 장기동 1847(열린교회앞),58,W,1
287,va6uddw5fgy@google.com,010-9105-1151,전라북도 익산시 성당면 부곡리 154-1,28,W,4
288,x3ogljgts@google.com,010-7865-8455,부산광역시 영도구 절영로 71,28,W,5
289,ps8dyu@google.com,010-4258-9637,"강원도 고성군 죽왕면 오호리 169, 169-1",96,W,8
290,atuz@naver.com,010-1228-6102,경기도 안산시 단원구 선부동 75-4,63,W,8
291,qar33xkm@daum.net,010-3592-8396,강원도 춘천시 신북읍 천전리 15-3,98,W,11
292,0yy8ht17lq9@naver.com,010-2889-6506, 대구광역시 달서구 송현로 128(송현동) ,32,W,2
293,evuua4wpue@daum.net,010-7713-4059,인천광역시 중구 북성동1가 산2-10,85,M,7
294,3g6vu5atrhv@naver.com,010-3697-9402,대전광역시 서구 우명동 267-1,35,M,10
295,0o81fdazlu65@google.com,010-1952-5566,광주광역시 동구 지산동 232-46,64,M,12
296,863cfgbk7q7se@google.com,010-4955-2712, 대구광역시 호림동 12-1 ,21,M,10
297,jywbksdob@naver.com,010-6440-2192, 대구광역시 수성구 무학로 180 ,45,M,12
298,hc6ua@daum.net,010-4486-9795,전라북도 무주군 무주읍 읍내리 1149,38,M,11
299,cu3biat@naver.com,010-1625-2157,경기도 광주시 경안동 53-2번지,84,M,9
300,ohns4enx502y@google.com,010-3107-3183,"경상남도 창원시 성산구 반림동 6-1,2 ",92,W,12
301,eya22r@daum.net,010-8305-3540,전라북도 익산시 웅포면 대붕암리 173-4,89,W,11
302,kqp0gwew@daum.net,010-6278-1068,대구광역시  서구 국채보상로 384,69,M,12
303,hqevj@daum.net,010-4146-9579, 대구광역시 달서구 선원로 203(용산동) ,101,M,3
304,agh1kondurl@naver.com,010-8126-8574,경상남도 함안군 대산면 구혜리 158-4,75,W,8
305,3w1f3y5@naver.com,010-2677-3540,강원도 홍천군 홍천읍 희망리 371-2,63,W,9
306,eilx7qrcvg4f@daum.net,010-6635-8385,전라남도 광양시 광양읍 인서리 237-1,79,W,2
307,3rhy3i0y4ar@daum.net,010-8103-9895,"강원도 고성군 토성면 천진리 111-4,111-5",61,W,8
308,ohyh1r8w@daum.net,010-4838-4696,경상북도 군위군 군위읍 서부리 9-1,33,M,4
309,mcrzi@daum.net,010-6361-7310,"대전광역시 동구 용운동 390-6, 시장길, 산성3길",98,M,12
310,rla5p3l8@daum.net,010-9088-9391, 대구광역시 동구 신천4동 285-1 부근 ,38,M,5
311,pdoi88w@naver.com,010-1910-2859,경기도 부천시 중1동 1177-1,56,M,3
312,m1e7q8hun1@naver.com,010-5496-4733,경기도 수원시 권선구 대황교동 259-5번지,93,W,5
313,das5s0f3@daum.net,010-9604-9381,충청남도 서천군 기산면내산정리75,82,W,1
314,eqrei@daum.net,010-1060-6215,"경기도 부천시 삼정동 19-9,10",23,W,3
315,4tmhf0eqan@google.com,010-6039-9576,광주광역시 동구 소태동 443-15,66,M,2
316,iqjnmygvs7b3@naver.com,010-4776-2221,경기도 화성시 반송동 89,100,W,9
317,kfpnhj@naver.com,010-9946-9408,대구광역시  서구 국채보상로 384,64,M,9
318,683dqij@naver.com,010-3497-7464,강원도 양구군 양구읍 상리227-99,34,M,3
319,g85wupuuo@daum.net,010-1772-7489,강원도 강릉시 홍제동 215-9,59,M,2
320,tzligy@daum.net,010-5264-9333,경기도 안산시 상록구 이동 574-5,46,M,11
321,2g9vrd5h9p19@daum.net,010-1243-6742,울산광역시 남구 장생포고래로 244,68,W,8
322,iwv3mmoc@daum.net,010-9523-8097, 대구광역시 남구 대봉로26길 33(이천동) ,79,M,6
323,dbis@naver.com,010-3944-8727,경상남도 하동군 금남면 노량리 555-2,52,M,8
324,pk1vdgnbj3a@google.com,010-3917-8752,대전광역시 서구 복수동 645,54,M,6
325,vq4w5ln0ph6@daum.net,010-2362-3220,경기도 광명시 철산동 222-1번지,55,W,6
326,9sir13a8q841@google.com,010-8047-6319,충청북도 충주시 목행동 608-24,45,M,10
327,fpu8elyu0b@daum.net,010-7836-2149,경상남도 양산시 동면 내송리 224-2,96,W,4
328,jb1dd0vyz7@google.com,010-3005-7784,강원도 인제군 인제읍 상동리 310-8,59,M,10
329,sop0nyk0llw@daum.net,010-3709-8777,경상남도 창녕군 창녕읍 솔터길 8,33,M,10
330,n14f0xt7q59y@naver.com,010-3159-6712, 대구광역시 달서구 선원로 221(용산동) ,22,W,12
331,dbuth@daum.net,010-6509-1140,"경상남도 함양군 함양읍 동위천2길, 3길",45,M,4
332,8hy6q@daum.net,010-1093-6838,부산광역시 사하구 감천동 12-9,71,M,7
333,3ji781hijq@daum.net,010-8866-4766,전라남도 담양군 담양읍 천변리 87,94,W,7
334,zdy7ngo5uf@google.com,010-4093-4830, 대구광역시 남구 큰골4길 41(대명9동) ,63,M,6
335,limgupp3w4lx9@naver.com,010-7511-5624,강원도 정선군 화암면 화암리 1108,50,M,7
336,irjfb0r6@daum.net,010-6665-7147,경상북도 문경시 흥덕동 789-5,57,M,6
337,y89c@naver.com,010-8688-8243,경기도 안산시 상록구 성포동 593-14,59,W,6
338,paj9avobet@daum.net,010-8232-5381,인천광역시 동구 송림동2-157,83,M,1
339,fwjvuxafr@daum.net,010-4246-6287,경상남도 의령군 봉수면 청계리 634번지 7호,66,M,3
340,wsz5n7otq4vu3@google.com,010-4559-6140,경기도 안산시 상록구 사2동 1403-5,87,W,2
341,vznmsd@naver.com,010-5336-4634,전라남도 영광군 영광읍 단주리 607-7,21,W,6
342,urdx@daum.net,010-1271-1979,부산광역시 강서구 가락대로 900번가길 32(범방동),84,M,2
343,3noitxdlznww@daum.net,010-4510-1283,경기도 시흥시 정왕동 1408-9,30,W,6
344,rymnamqs0@google.com,010-6867-1176, 대구광역시 신암동 622 ,46,M,9
345,rk6kn6zg0bah8@google.com,010-5424-5577,전라남도 완도군 완도읍 장보고대로 280(김학주치과),47,W,3
346,xjvx1@naver.com,010-4613-5987,경상남도 창원시 성산구 사파동 8,22,W,1
347,67kat3@daum.net,010-5532-3241,대전광역시 유성구 덕명동 513,85,M,3
348,6kn6ywc3feu9i@daum.net,010-6915-4721,대전광역시 중구 중앙로 119,56,M,7
349,eqeag@daum.net,010-1070-5057, 대구광역시 수성구 범안로 52 ,57,W,7
350,h5a5gy3bq8f@google.com,010-6649-4325,대전광역시 서구 관저중로64번길84 / 관저로184,83,M,2
351,6urg9e1dfd@naver.com,010-9793-8077,대전광역시 서구 한밭대로 570번길,54,M,2
352,wlhg@naver.com,010-4067-4980,경기도 안산시 상록구 이동 524-1,25,M,11
353,22o2bpx@naver.com,010-1076-8788, 대구광역시 달서구 새방로7길 33(용산동) ,95,W,3
354,6ew6y6rod5@daum.net,010-5217-2519,경상북도 울진군 친환경엑스포로 25,91,M,9
355,vt7og@naver.com,010-1984-3783, 대구광역시 달서구 상인동 1584-1 ,79,W,8
356,qcz8em@naver.com,010-3692-8479,경상북도 울진군 울진대게로 63,39,M,2
357,v104@naver.com,010-5858-7301,울산광역시 동구 진성8길 119(전하2동),97,M,9
358,ibpafvxxxaz@daum.net,010-3659-1199,경기도 이천시 중리동 194-7번지,26,M,10
359,wu38e@daum.net,010-3070-7019,경기도 안산시 단원구 고잔동 인현길,71,W,5
360,z5y673oc8zmv4@naver.com,010-5871-9147,경상남도 산청군 산청읍 산청리 241-1 ,61,M,11
361,11w6xtq7hs@daum.net,010-5440-7301,경기도 용인시 처인구 백원로 일원,23,W,10
362,406hps@google.com,010-8128-4487,"대전광역시 동구 삼성동 342, 343, 344, 355번지",69,M,11
363,5szucj1x5bt@google.com,010-4212-7997,경기도 안산시 상록구 이동 541-7,66,W,2
364,gk42za@google.com,010-9326-2312,경기도 평택시 서정동 817-1,83,M,11
365,ae3ow1@daum.net,010-2024-8083,경상북도 영주시 휴천동 330,89,M,6
366,q6lbkobv8mev@naver.com,010-2666-8888,경상남도 창원시 의창구 소답동 930-3,73,W,7
367,bj8jgs5ygw9pp@google.com,010-9010-1672,경상남도 사천시 옥산로 60,65,M,10
368,sju7tvr@google.com,010-8864-3102,경상남도 창원시 진해구 경화동 412 일원,49,M,4
369,t4q4@google.com,010-9322-9722,경상남도 양산시 물금읍 가촌리 1312-2,77,M,6
370,honaw5@naver.com,010-1896-7453,경상북도 포항시 남구 운하로 130,20,W,9
371,5swh6yf8mq7@google.com,010-3568-7263,인천광역시 동구 송림동 121-141,40,M,12
372,dof1x7@naver.com,010-6620-2084,경기도 시흥시 능곡동 614,65,W,7
373,gij7azl3zkock@daum.net,010-4155-5372,경상북도 영주시 영주동 453-1,81,W,1
374,7tvrcscc@daum.net,010-5656-7425,전라북도 전주시 완산구 노송여울2길 108,49,M,4
375,kp2z@daum.net,010-3430-7979,경기도 안성시 대덕면 내리 407,30,M,5
376,ngq2ur7@google.com,010-2799-1035,충청남도 논산시 사계로 308-12 ,41,W,3
377,fo0wz@google.com,010-8518-2612,경기도 부천시 괴안동 211-1(성심고가 하부),72,M,10
378,6xxzgbo9a5@daum.net,010-9623-8192,울산광역시 남구 삼산동 1554-1,34,W,7
379,whujrj3q@daum.net,010-8213-9272,경상남도 함양군 함양읍 죽곡리 15-0,67,M,10
380,lbtj905j6j8@daum.net,010-7216-7586,울산광역시 울주군 온양읍 운화리 1276-2,88,W,10
381,sj67@naver.com,010-6843-1955,경기도 부천시 조마루로311번길,65,M,3
382,as3bx3l6j5s69@naver.com,010-3122-4588,경상남도 창원시 성산구 반지동 512-5,41,M,11
383,ys2788hxchvb@google.com,010-1073-5469,전라북도 무주군 무주읍 주계로 97,63,W,5
384,6lou@google.com,010-6627-7817,충청남도 계룡시 금암동 서금암로,54,M,10
385,8bvl19@daum.net,010-3943-5778,인천광역시 부평구 부평대로159번길(부평동) 일원,95,M,11
386,c5ea@google.com,010-8721-4546,경기도 동두천시 생연동 221,52,M,2
387,g7oz@daum.net,010-6604-3483, 대구광역시 호림동 13-10 ,96,M,6
388,1zet8eed@google.com,010-2377-1222,경기도 안산시 상록구 이동 599-15,84,M,6
389,j8s48@naver.com,010-8868-6569,경상남도 창원시 마산합포구 수성동 75-3,100,W,4
390,qpp22poh4@google.com,010-2164-7568,경기도 성남시 수정구 양지동 547번지,22,M,2
391,60j4dqq@daum.net,010-6810-1442,경기도 시흥시 대야동 528-1,100,W,6
392,o50ifd@naver.com,010-7738-8433, 대구광역시 논공읍 논공로 258 ,57,W,11
393,8h9gs2nm1hl8@google.com,010-8710-8774, 광주광역시 동구 학동 720-10 ,70,M,3
394,xcyemubni1mju@naver.com,010-9578-6742,경기도 이천시 중리동 194-7번지,98,M,9
395,fqv8ovv@daum.net,010-8850-3611,광주광역시 동구 서석동117-1,69,M,4
396,ykyzecj4u3lz@daum.net,010-1576-5352,대전광역시 서구 괴정로4~22 / 괴정로5~21,44,M,10
397,fmk5f05lv@naver.com,010-3722-3397,경기도 안양시 동안구 부림동 1607번지 일원,81,M,3
398,tdns1h@google.com,010-9653-4125,강원도 고성군 토성면 아야진리 249-2,94,W,6
399,wlmjmk1heoc9@naver.com,010-4079-6049,경기도 안양시 만안구 석수1동 101-180,92,M,3
400,gb904m12ezus@naver.com,010-1971-2822,강원도 영월군 영월읍 덕포리 555-1,70,W,9
401,vzl9nd1@daum.net,010-1241-8810,경기도 고양시 일산서구 일산동 1673-5번지,60,M,10
402,6jwlc084l2@naver.com,010-5013-8935,광주광역시 동구 용산동 405,59,W,12
403,pnep7hml@google.com,010-4278-1197,경상북도 상주시 사벌면 덕담리 1047-5,77,M,2
404,atyc9cmipvans@naver.com,010-1841-2558,경상남도 창원시 진해구 인사동 2-1,50,W,12
405,4uu9e7o9mft@naver.com,010-4856-5445,부산광역시 사하구 하단동 1151-14,63,M,9
406,dvj0qneoc19h@daum.net,010-4453-8588,강원도 강릉시 홍제동 66-1,70,W,9
407,iylm0jvmzr@naver.com,010-7950-4381,강원도 강릉시 정동진리 52-11,55,W,8
408,pvsjv4smw90@daum.net,010-7661-3525,경기도 부천시 송내2동 371,53,W,12
409,56k6gznw@naver.com,010-4923-1687,충청남도 금산군 금산읍 중도리 553-21,79,W,10
410,60u9i3u242e1u@google.com,010-9108-3575,경상남도 창원시 의창구 도계동 888-1번지,93,M,12
411,v0pj9n6f0yrb@daum.net,010-3960-1414,경기도 용인시 처인구 처인성로 일원,71,M,10
412,s4qs37w4mg51x@daum.net,010-8192-1347,경기도 안양시 만안구 석수2동 262-14(관악역 옆),67,M,12
413,tlb0@google.com,010-1516-4955,경기도 연천군 전곡읍 은대리 산 171,64,M,5
414,0sbo5a0@naver.com,010-1006-5036,경상남도 산청군 산청읍 산청리 179-1,29,M,4
415,yx9d3ahc8yv@daum.net,010-8362-7255,대전광역시 동구 가양남로(308-9~321-10번지선),99,W,6
416,85skysvvm0@naver.com,010-1954-4022,경기도 안산시 단원구 고잔1동 582,100,W,12
417,v9438wrs9wpv@daum.net,010-3305-3813,전라남도 구례군 구례읍 봉남리 51,77,W,3
418,y7nnvh7m8k9@daum.net,010-5619-2026,경기도 과천시 별양동 1-27,95,W,5
419,j2xev3etb34y@daum.net,010-7121-8405,경기도 양주시 장흥면 석현리 369-3,23,M,9
420,clyj@daum.net,010-4294-4630,전라남도 해남군 해남읍 남외리 142번지,101,M,1
421,biyezwi9@naver.com,010-3263-4311,경기도 안성시 옥천동 201,87,W,3
422,in7wqhrb9ov76@google.com,010-8724-3315,경기도 안산시 상록구 성포동 593-14,34,M,8
423,4amt9kkypcr@google.com,010-7357-8438,전라남도 장성군 장성읍 영천리 1083-18,46,W,12
424,1d2fn5ho7ri@google.com,010-2720-8386,경상남도 창원시 진해구 이동 611-16,36,M,5
425,ebq03823zd8j@google.com,010-6819-3001,경상남도 통영시 광도면 죽림해안로64-47(광도면),83,M,2
426,0mrbxsr4ltto@daum.net,010-7306-5137,경상남도 양산시 북안남4길 7-23,27,M,8
427,pe4bfh@daum.net,010-6121-9434,충청북도 음성군 음성군 삼성면 덕정리 515-3,56,W,6
428,4gt87yvn@daum.net,010-2856-7628, 대구광역시 중동 414-11 ,50,M,11
429,ac6d5ysvmy05i@naver.com,010-8202-2396, 대구광역시 남구 대명로 55(대명9동) ,31,W,1
430,7nmf005tg@daum.net,010-7902-5439,전라북도 익산시 함라면 신대리 502-11,36,M,4
431,tm4wp5a8ay@daum.net,010-3570-8114,인천광역시 남동구 논현동 111-329,71,M,3
432,hd0o@daum.net,010-5886-3961, 대구광역시 수성구 무학로 112 ,71,M,3
433,hncgz@daum.net,010-3612-9330,경상북도 상주시 신봉동 169-2,85,M,7
434,7urqwfx9@google.com,010-8887-6348,경기도 과천시 주암동55,31,W,2
435,w9a1yhgqda@google.com,010-5992-2397,강원도 정선군 사북읍 사북리 344-64,56,M,9
436,a8yh@google.com,010-2933-8522,충청남도 보령시 신흑동 2212-1,41,M,5
437,2w1npp@naver.com,010-8572-2362, 대구광역시 동구 검사동 743-7 ,100,W,3
438,xh3n@google.com,010-6782-9461,경기도 안산시 상록구 이동 577-4,29,M,3
439,sx7wzhj@naver.com,010-9840-3189,제주 제주시 동광로1길 18,98,M,9
440,x4go@naver.com,010-6680-4967,경기도 안양시 만안구 안양1동 1163번지 일원,45,M,2
441,jtyqn1mxf08@naver.com,010-7084-6920,"경기도 화성시 서신면 제부리 190-20,190-109,190-193",91,W,12
442,b08dg5o7gsi8@naver.com,010-2928-1580,경기도 안산시 단원구 고잔2동 631,72,M,1
443,782kn4@daum.net,010-3491-3635, 대구광역시 수성구 노변공원로 52 ,72,M,7
444,z8ic@daum.net,010-8786-5611,강원도 영월군 남면 연당리 937,69,M,1
445,15cfa4o1@google.com,010-5080-9590,전라북도 김제시 요촌동 113-1,59,W,8
446,1fnd046pflj@google.com,010-8743-4104,인천광역시 중구 반달로 20(북성1가 98-39/139/143/154),78,W,1
447,609xc6@daum.net,010-4796-5094,경기도 동두천시 생연동 539-12,52,W,3
448,dlcka@daum.net,010-8317-6104,충청남도 논산시 계백로 1019,74,W,12
449,fxcx@naver.com,010-6991-8460,전라북도 장수군 장수읍 덕산리 810-17,101,W,2
450,hl2wngsim@daum.net,010-3973-5762,경기도 시흥시 신천동 737번지 (삼미시장),65,W,6
451,trm1x@naver.com,010-1463-8496,충청남도 서산시 대산읍 대산리 1615,78,M,10
452,1gwrg554rytkb@naver.com,010-4603-4794,경기도 동두천시 생연동 552-16,81,W,12
453,o55z13ojg3i@daum.net,010-3709-2440,전라북도 익산시 영등동 757-6,20,M,11
454,m6hhz@naver.com,010-9806-2432,강원도 영월군 영월읍 영흥리 904-11,41,W,9
455,wm7q@naver.com,010-3178-8307,울산광역시 남구 신정동 549,85,M,5
456,227cpk5bs3v@daum.net,010-3474-3677,경상남도 산청군 산청읍 지리 435,68,M,4
457,szk9nsimd@naver.com,010-5040-1897,경기도 용인시 기흥구 신구로 일원,71,M,7
458,u8sp0tgqe1@naver.com,010-6081-6864,충청북도 단양군 매포읍 평동 14길 12,47,M,11
459,8yrvo3h@naver.com,010-1516-5528,경기도 안산시 단원구 선부동 1070-10,28,M,3
460,3xxn@daum.net,010-3020-7238,경상남도 창원시 의창구 신월동 12-157번지,49,M,4
461,dz7ovwrkwdmo5@daum.net,010-7475-2169,충청북도 영동군 추풍령면 하신안1길 11,46,W,10
462,d3hv0il@google.com,010-3157-7049,강원도 평창군 미탄 마하리 339-1,50,W,6
463,ilzopgztvetd@google.com,010-5446-8485,"경기도 광명시 하안동 33-1번지 일원(하안동 711-4, 711-5 )",56,W,5
464,r2j0ui@naver.com,010-5754-1643,경상남도 창원시 의창구 동읍 신방리 653-2번지,91,M,6
465,ylsf0lcn7mte@naver.com,010-7017-7087,경상남도 창원시 성산구 신촌동 22-2,84,M,10
466,bcsfn7t6gps0@naver.com,010-3667-6853,인천광역시 부평구 부평대로165번길(부평동) 일원,97,M,8
467,quxy@naver.com,010-7841-8045,경상북도 안동시 안흥동 278-17번지,96,M,8
468,4qe5fvgyuw4t@naver.com,010-2687-9930,경상남도 함안군 칠원면 구성리 728-100,72,M,12
469,pkgb1@naver.com,010-9562-7964,충청북도 옥천군 옥천읍 금구리 263-3,47,M,6
470,bad8ixplcij@daum.net,010-4899-7255,경상남도 산청군 산청읍 산청리 241-1 ,84,W,3
471,ygwm2@daum.net,010-5006-4212,경상남도 창원시 의창구 명서동 18-24~18-13,88,W,9
472,s53g4u@google.com,010-1227-6868, 대구광역시 북구 성북로 55 ,65,W,12
473,3l4p@daum.net,010-4098-5141,충청남도 서천군 판교면판교리137,80,M,5
474,albn2jfcp@daum.net,010-6081-5424,부산광역시 사상구 학장동 242-1 일원,53,W,6
475,xetha40g866@naver.com,010-1055-9181,강원도 횡성군 서원면 창촌리 806-2 외,93,W,3
476,v4oda9m7bcu3a@google.com,010-5918-2345,경기도 부천시 부천로 136번길,48,W,10
477,4gfzpk@google.com,010-6598-3226,전라북도 군산시 금암동 73-51,56,W,10
478,968jxm1cyksue@google.com,010-3591-9563,경기도 안산시 단원구 원곡본동 960-1,28,W,5
479,ichpx6tvonx@naver.com,010-9907-8246,경기도 과천시 과천동 241-2,72,W,1
480,tzpe858u7b49@google.com,010-8417-2862,경상남도 진주시 중안동 10 서쪽,74,W,7
481,hu5tkhxkd3@daum.net,010-4933-8699,경상남도 진주시 신안동 446-1,78,M,4
482,l6z9v@daum.net,010-2397-4471,경기도 안산시 상록구 본오동 878-2,76,W,6
483,g5avloxkwxa0u@naver.com,010-7778-7260,대전광역시 중구 선화로 119번길 16-3,25,M,5
484,yswettj2@naver.com,010-4932-2289,경상북도 영주시 하망동 202-7,91,M,4
485,y8cqo@daum.net,010-5993-9994,경기도 평택시 신장동 264-2,48,W,10
486,t6tt7@daum.net,010-8069-8478,대전광역시 동구 삼정동 70번지,91,W,6
487,g6pz89x2z5@google.com,010-6743-3482,경상북도 문경시 점촌동 181-39,93,W,11
488,rw6ywbzh16d@google.com,010-2581-2737,전라북도 무주군 무주읍 읍내리 1230-2,60,W,2
489,0p3e@google.com,010-1811-5499,전라남도 나주시 빛가람동 346-1 (호수공원),37,W,9
490,4ujehc@google.com,010-4008-7683,경상북도 울진군 평해로 61,39,M,6
491,1nr1r90j04@daum.net,010-6458-3226, 대구광역시 동구 불로동 661 ,61,W,6
492,rofx6fi8gfnkm@google.com,010-9582-9804,전라남도 영광군 영광읍 단주리 607-7,91,M,4
493,6m8dmb33l9@google.com,010-4689-1194,"대전광역시 동구 동서대로104번길,1520번길
(삼성동 309,310,319,320번지선)",35,W,6
494,u4hbvw@daum.net,010-6358-2817,대전광역시 동구 용방마을아파트 맞은편(용운동 487~451-18),89,M,11
495,dbme5190hyb0@daum.net,010-5268-2438,경기도 용인시 기흥구 신갈로 58번길,76,M,9
496,wlgmzb@google.com,010-9083-6291,대전광역시 동구 현암로18번길(삼성동 374-1번지 옆),22,W,2
497,csbl6bszom@naver.com,010-1388-9051,인천광역시 남동구 구월동 349-535,46,M,10
498,nz1t6@daum.net,010-3136-3058,경기도 용인시 기흥구 상갈로11번길 일원,75,W,11
499,18010j3m@google.com,010-4583-8103,강원도 영월군 영월읍 영흥리 941-1,62,W,3
500,ccaczyk@naver.com,010-1052-4036,강원도 횡성군 횡성읍 읍상리 674,48,M,9
